UNIVERSITY,CAMPUS,COLLEGE,COURSES,MAJOR,RIASEC CODE,PRIMARY TAG,SECONDARY TAG,TERTIARY TAG
Nueva Ecija University of Science and Technology,General Tinio,College of Arts and Sciences,Bachelor Science in Biology,,IRC,I,R,C
Nueva Ecija University of Science and Technology,General Tinio,College of Arts and Sciences,Bachelor Science in Food Technology,,IRS,I,R,S
Nueva Ecija University of Science and Technology,General Tinio,College of Arts and Sciences,Bachelor Science in Psychology,,SIA,S,I,A
Nueva Ecija University of Science and Technology,General Tinio,College of Arts and Sciences,Bachelor of Science in Chemistry,,IRC,I,R,C
Nueva Ecija University of Science and Technology,General Tinio,College of Arts and Sciences,Bachelor of Science in Environmental Science,Pollution Control and Waste Management,ECS,E,C,S
Nueva Ecija University of Science and Technology,General Tinio,College of Industrial Technology,Bachelor of Industrial Technology,Apparel and Fashion Technology,RCI,R,C,I
Nueva Ecija University of Science and Technology,General Tinio,College of Industrial Technology,Bachelor of Industrial Technology,Automotive Technology,RCI,R,C,I
Nueva Ecija University of Science and Technology,General Tinio,College of Industrial Technology,Bachelor of Industrial Technology,Drafting Technology,RCI,R,C,I
Nueva Ecija University of Science and Technology,General Tinio,College of Industrial Technology,Bachelor of Industrial Technology,Electrical Technology,RIC,R,I,C
Nueva Ecija University of Science and Technology,General Tinio,College of Industrial Technology,Bachelor of Industrial Technology,Electronics Technology,RIC,R,I,C
Nueva Ecija University of Science and Technology,General Tinio,College of Industrial Technology,Bachelor of Industrial Technology,Food Technology,IRS,I,R,S
Nueva Ecija University of Science and Technology,General Tinio,College of Industrial Technology,Bachelor of Industrial Technology,"Heating, Ventilating and Air-Conditioning Technology",RCI,R,C,I
Nueva Ecija University of Science and Technology,General Tinio,College of Industrial Technology,Bachelor of Industrial Technology,Mechanical Technology,RCI,R,C,I
Nueva Ecija University of Science and Technology,General Tinio,College of Industrial Technology,Bachelor of Industrial Technology,Electronics and Communication Engineering Technology,RIC,R,I,C
Nueva Ecija University of Science and Technology,General Tinio,College of Nursing,Bachelor of Science in Nursing,,SIA,S,I,A
Nueva Ecija University of Science and Technology,Sumacab,College of Architecture,Bachelor of Science in Architecture,,AIR,A,I,R
Nueva Ecija University of Science and Technology,Sumacab,College of Criminology,Bachelor of Science in Criminology,,RES,R,E,S
Nueva Ecija University of Science and Technology,Sumacab,College of Education,Bachelor of Elementary Education,Basic Education,SAE,S,A,E
Nueva Ecija University of Science and Technology,Sumacab,College of Education,Bachelor of Physical Education,,SAE,S,A,E
Nueva Ecija University of Science and Technology,Sumacab,College of Education,Bachelor of Secondary Education,Science Education,SAE,S,A,E
Nueva Ecija University of Science and Technology,Sumacab,College of Education,Bachelor of Secondary Education,Mathematics Education,ICR,I,C,R
Nueva Ecija University of Science and Technology,Sumacab,College of Education,Bachelor of Secondary Education,Physics Education,SAE,S,A,E
Nueva Ecija University of Science and Technology,Sumacab,College of Education,Bachelor of Secondary Education,English Education,SAE,S,A,E
Nueva Ecija University of Science and Technology,Sumacab,College of Education,Bachelor of Secondary Education,Filipino Education,SAE,S,A,E
Nueva Ecija University of Science and Technology,Sumacab,College of Education,Bachelor of Secondary Education,Social Studies Education,SAE,S,A,E
Nueva Ecija University of Science and Technology,Sumacab,College of Education,Bachelor of Technology and Livelihood Education,Home Economics,SAE,S,A,E
Nueva Ecija University of Science and Technology,Sumacab,College of Education,Bachelor of Science in Industrial Education,Industrial Arts,SAE,S,A,E
Nueva Ecija University of Science and Technology,Sumacab,College of Education,Bachelor of Science in Physical Education,,SAE,S,A,E
Nueva Ecija University of Science and Technology,Sumacab,College of Education,Bachelor of Special Needs Education with specialization in Early Childhood Education,,SAE,S,A,E
Nueva Ecija University of Science and Technology,Sumacab,College of Engineering,Bachelor of Science in Civil Engineering,,RIC,R,I,C
Nueva Ecija University of Science and Technology,Sumacab,College of Engineering,Bachelor of Science in Electrical Engineering,,RIC,R,I,C
Nueva Ecija University of Science and Technology,Sumacab,College of Engineering,Bachelor of Science in Mechanical Engineering,,RIC,R,I,C
Nueva Ecija University of Science and Technology,Sumacab,College of Information and Communication Technology,Bachelor of Science in Information Technology,Database Systems Technology,ICR,I,C,R
Nueva Ecija University of Science and Technology,Sumacab,College of Information and Communication Technology,Bachelor of Science in Information Technology,Network Systems Technology,ICR,I,C,R
Nueva Ecija University of Science and Technology,Sumacab,College of Information and Communication Technology,Bachelor of Science in Information Technology,Web Systems Technology,ICR,I,C,R
Nueva Ecija University of Science and Technology,Sumacab,College of Management and Business Technology,Bachelor of Science in Business Administration,Financial Management,CEI,C,E,I
Nueva Ecija University of Science and Technology,Sumacab,College of Management and Business Technology,Bachelor of Science in Business Administration,Human Resource Development Management,SEC,S,E,C
Nueva Ecija University of Science and Technology,Sumacab,College of Management and Business Technology,Bachelor of Science in Business Administration,Marketing Management,ESA,E,S,A
Nueva Ecija University of Science and Technology,Sumacab,College of Management and Business Technology,Bachelor of Science in Entrepreneurship,,ESR,E,S,R
Nueva Ecija University of Science and Technology,Sumacab,College of Management and Business Technology,Bachelor of Science in Hospitality Management,,ESR,E,S,R
Nueva Ecija University of Science and Technology,Sumacab,College of Management and Business Technology,Bachelor of Science in Hotel and Restaurant Management,,ESR,E,S,R
Nueva Ecija University of Science and Technology,Sumacab,College of Management and Business Technology,Bachelor of Science in Tourism Management,,ESR,E,S,R
Nueva Ecija University of Science and Technology,Sumacab,College of Public Administration and Disaster Management,Bachelor of Public Administration,,ECS,E,C,S
Nueva Ecija University of Science and Technology,Sumacab,College of Public Administration and Disaster Management,Bachelor of Public Administration,Disaster Management,ECS,E,C,S
Nueva Ecija University of Science and Technology,San Isidro,College of Education,Bachelor of Elementary Education,Basic Education,SAE,S,A,E
Nueva Ecija University of Science and Technology,San Isidro,College of Education,Bachelor of Physical Education,,SAE,S,A,E
Nueva Ecija University of Science and Technology,San Isidro,College of Education,Bachelor of Secondary Education,English Education,SAE,S,A,E
Nueva Ecija University of Science and Technology,San Isidro,College of Education,Bachelor of Secondary Education,General Science Education,SAE,S,A,E
Nueva Ecija University of Science and Technology,San Isidro,College of Education,Bachelor of Secondary Education,Mathematics Education,ICR,I,C,R
Nueva Ecija University of Science and Technology,San Isidro,College of Education,Bachelor of Science in Industrial Education,Industrial Arts,SAE,S,A,E
Nueva Ecija University of Science and Technology,San Isidro,College of Information and Communication Technology,Bachelor of Science in Information Technology,Database Systems Technology,ICR,I,C,R
Nueva Ecija University of Science and Technology,San Isidro,College of Information and Communication Technology,Bachelor of Science in Information Technology,Network Systems Technology,ICR,I,C,R
Nueva Ecija University of Science and Technology,San Isidro,College of Information and Communication Technology,Bachelor of Science in Information Technology,Web Systems Technology,ICR,I,C,R
Nueva Ecija University of Science and Technology,San Isidro,College of Information and Communication Technology,Bachelor of Science in Business Administration,Marketing Management,ESA,E,S,A
Nueva Ecija University of Science and Technology,San Isidro,College of Information and Communication Technology,Bachelor of Science in Entrepreneurship,,ESR,E,S,R
Nueva Ecija University of Science and Technology,Gabaldon,College of Agriculture,Bachelor of Science in Agriculture,Animal Science,RIS,R,I,S
Nueva Ecija University of Science and Technology,Gabaldon,College of Agriculture,Bachelor of Science in Agriculture,Crop Science,RIS,R,I,S
Nueva Ecija University of Science and Technology,Gabaldon,College of Agriculture,Bachelor of Science in Agriculture,Agricultural Extension,RIS,R,I,S
Nueva Ecija University of Science and Technology,Gabaldon,College of Agriculture,Bachelor of Science in Agriculture,Agro-forestry,RIS,R,I,S
Nueva Ecija University of Science and Technology,Gabaldon,College of Education,Bachelor of Elementary Education,Basic Education,SAE,S,A,E
Nueva Ecija University of Science and Technology,Gabaldon,College of Education,Bachelor of Secondary Education,English Education,SAE,S,A,E
Nueva Ecija University of Science and Technology,Gabaldon,College of Education,Bachelor of Secondary Education,General Science Education,SAE,S,A,E
Nueva Ecija University of Science and Technology,Gabaldon,College of Education,Bachelor of Secondary Education,Mathematics Education,ICR,I,C,R
Nueva Ecija University of Science and Technology,Gabaldon,College of Education,Bachelor of Secondary Education,Technology and Livelihood Education,SAE,S,A,E
Nueva Ecija University of Science and Technology,Gabaldon,College of Information and Communication Technology,Bachelor of Science in Information Technology,Database Systems Technology,ICR,I,C,R
Nueva Ecija University of Science and Technology,Gabaldon,College of Information and Communication Technology,Bachelor of Science in Information Technology,Network Systems Technology,ICR,I,C,R
Nueva Ecija University of Science and Technology,Gabaldon,College of Information and Communication Technology,Bachelor of Science in Information Technology,Web Systems Technology,ICR,I,C,R
Nueva Ecija University of Science and Technology,Gabaldon,College of Management and Business Technology,Bachelor of Science in Hospitality Management,,ESR,E,S,R
Nueva Ecija University of Science and Technology,Atate,College of Information and Communication Technology,Bachelor of Science in Information Technology,Database Systems Technology,ICR,I,C,R
Nueva Ecija University of Science and Technology,Atate,College of Information and Communication Technology,Bachelor of Science in Information Technology,Network Systems Technology,ICR,I,C,R
Nueva Ecija University of Science and Technology,Atate,College of Information and Communication Technology,Bachelor of Science in Information Technology,Web Systems Technology,ICR,I,C,R
Nueva Ecija University of Science and Technology,Atate,College of Management and Business Technology,Bachelor of Science in Business Administration,Financial Management,CEI,C,E,I
Nueva Ecija University of Science and Technology,Atate,College of Management and Business Technology,Bachelor of Science in Business Administration,Human Resource Development Management,SEC,S,E,C
Nueva Ecija University of Science and Technology,Atate,College of Management and Business Technology,Bachelor of Science in Business Administration,Marketing Management,ESA,E,S,A
Nueva Ecija University of Science and Technology,Atate,College of Management and Business Technology,Bachelor of Science in Entrepreneurship,,ESR,E,S,R
Nueva Ecija University of Science and Technology,Atate,College of Management and Business Technology,Bachelor of Science in Hospitality Management,,ESR,E,S,R
Nueva Ecija University of Science and Technology,Atate,College of Management and Business Technology,Bachelor of Science in Hotel and Restaurant Management,,ESR,E,S,R
Nueva Ecija University of Science and Technology,Fort Magsaysay,College of Management and Business Technology,Bachelor of Science in Business Administration,Marketing Management,ESA,E,S,A
Nueva Ecija University of Science and Technology,Talavera Extended Venue,College of Education,Bachelor of Elementary Education,Basic Education,SAE,S,A,E
Nueva Ecija University of Science and Technology,Talavera Extended Venue,College of Information and Communication Technology,Bachelor of Science in Information Technology,Database Systems Technology,ICR,I,C,R
Nueva Ecija University of Science and Technology,Talavera Extended Venue,College of Management and Business Technology,Bachelor of Science in Business Administration,Marketing Management,ESA,E,S,A
Nueva Ecija University of Science and Technology,General Tinio Papaya Extended Venue,College of Education,Bachelor of Elementary Education,Basic Education,SAE,S,A,E
Nueva Ecija University of Science and Technology,General Tinio Papaya Extended Venue,College of Education,Bachelor of Physical Education,,SAE,S,A,E
Nueva Ecija University of Science and Technology,General Tinio Papaya Extended Venue,College of Education,Bachelor of Secondary Education,English Education,SAE,S,A,E
Nueva Ecija University of Science and Technology,General Tinio Papaya Extended Venue,College of Education,Bachelor of Secondary Education,Filipino Education,SAE,S,A,E
Nueva Ecija University of Science and Technology,General Tinio Papaya Extended Venue,College of Education,Bachelor of Secondary Education,"Music, Arts, Physical Education and Health (old Curriculum)",SAE,S,A,E
Nueva Ecija University of Science and Technology,General Tinio Papaya Extended Venue,College of Information and Communication Technology,Bachelor of Science in Information Technology,Web Applications Programming (Old Curriculum),ICR,I,C,R
Nueva Ecija University of Science and Technology,General Tinio Papaya Extended Venue,College of Information and Communication Technology,Bachelor of Science in Information Technology,Web Systems Technology,ICR,I,C,R
Nueva Ecija University of Science and Technology,General Tinio Papaya Extended Venue,College of Management and Business Technology,Bachelor of Science in Business Administration,Marketing Management,ESA,E,S,A
Nueva Ecija University of Science and Technology,San Leonardo EXTENDED VENUE,College of Education,Bachelor of Elementary Education,Basic Education,SAE,S,A,E
Nueva Ecija University of Science and Technology,San Leonardo EXTENDED VENUE,College of Education,Bachelor of Secondary Education,English Education,SAE,S,A,E
Nueva Ecija University of Science and Technology,San Leonardo EXTENDED VENUE,College of Information and Communication Technology,Bachelor of Science in Information Technology,Web Applications Programming (Old Curriculum),ICR,I,C,R
Nueva Ecija University of Science and Technology,San Leonardo EXTENDED VENUE,College of Information and Communication Technology,Bachelor of Science in Information Technology,Web Systems Technology,ICR,I,C,R
Nueva Ecija University of Science and Technology,San Leonardo EXTENDED VENUE,College of Management and Business Technology,Bachelor of Science in Business Administration,Human Resource Development Management (Old Curriculum),SEC,S,E,C
Nueva Ecija University of Science and Technology,San Leonardo EXTENDED VENUE,College of Management and Business Technology,Bachelor of Science in Business Administration,Marketing Management,ESA,E,S,A
Nueva Ecija University of Science and Technology,San Leonardo EXTENDED VENUE,College of Management and Business Technology,Bachelor of Science in Hospitality Management,,ESR,E,S,R
Nueva Ecija University of Science and Technology,San Antonio Extended Venue,College of Education,Bachelor of Elementary Education,Basic Education,SAE,S,A,E
Nueva Ecija University of Science and Technology,San Antonio Extended Venue,College of Information and Communication Technology,Bachelor of Science in Information Technology,Web Applications Programming (Old Curriculum),ICR,I,C,R
Nueva Ecija University of Science and Technology,San Antonio Extended Venue,College of Information and Communication Technology,Bachelor of Science in Information Technology,Web Systems Technology,ICR,I,C,R
Nueva Ecija University of Science and Technology,San Antonio Extended Venue,College of Management and Business Technology,Bachelor of Science in Business Administration,Marketing Management,ESA,E,S,A
Nueva Ecija University of Science and Technology,Penaranda Extended Venue,College of Education,Bachelor of Elementary Education,Basic Education,SAE,S,A,E
Nueva Ecija University of Science and Technology,Penaranda Extended Venue,College of Education,Bachelor of Secondary Education,English Education,SAE,S,A,E
Nueva Ecija University of Science and Technology,Penaranda Extended Venue,College of Education,Bachelor of Secondary Education,"Music, Arts, Physical Education and Health",SAE,S,A,E
Nueva Ecija University of Science and Technology,Penaranda Extended Venue,College of Information and Communication Technology,Bachelor of Science in Information Technology,Web Applications Programming (Old Curriculum),ICR,I,C,R
Nueva Ecija University of Science and Technology,Penaranda Extended Venue,College of Information and Communication Technology,Bachelor of Science in Information Technology,Web Systems Technology,ICR,I,C,R
Nueva Ecija University of Science and Technology,Penaranda Extended Venue,College of Management and Business Technology,Bachelor of Science in Business Administration,Marketing Management,ESA,E,S,A
Nueva Ecija University of Science and Technology,Caranglan Extended Venue,College of Education,Bachelor of Elementary Education,Basic Education,SAE,S,A,E
Nueva Ecija University of Science and Technology,Caranglan Extended Venue,College of Information and Communication Technology,Bachelor of Science in Information Technology,Network Analysis and Design (Old Curriculum),ICR,I,C,R
Nueva Ecija University of Science and Technology,Caranglan Extended Venue,College of Information and Communication Technology,Bachelor of Science in Information Technology,Network Systems Technology,ICR,I,C,R
Nueva Ecija University of Science and Technology,Caranglan Extended Venue,College of Management and Business Technology,Bachelor of Science in Business Administration,Marketing Management,ESA,E,S,A
Nueva Ecija University of Science and Technology,Caranglan Extended Venue,College of Management and Business Technology,Bachelor of Science in Entrepreneurship,,ESR,E,S,R
PHINMA-Araullo University,Main Campus,College of Management and Accountancy ,Bachelor of Science in Accountancy,,CEI,C,E,I
PHINMA-Araullo University,Main Campus,College of Management and Accountancy ,Bachelor of Science in Hospitality Management,,ESR,E,S,R
PHINMA-Araullo University,Main Campus,College of Management and Accountancy ,Bachelor of Science in Tourism Management,,ESR,E,S,R
PHINMA-Araullo University,Main Campus,College of Management and Accountancy ,Bachelor of Science in Entrepreneurship,,ESR,E,S,R
PHINMA-Araullo University,Main Campus,College of Management and Accountancy ,Bachelor of Science in Business Administration,Marketing Management,ESA,E,S,A
PHINMA-Araullo University,Main Campus,College of Management and Accountancy ,Bachelor of Science in Business Administration,Financial Management,CEI,C,E,I
PHINMA-Araullo University,Main Campus,College of Management and Accountancy ,Bachelor of Science in Business Administration,Banking & Microfinance,ECR,E,C,R
PHINMA-Araullo University,Main Campus,College of Management and Accountancy ,Bachelor of Science in Business Administration,Human Resource Management,SEC,S,E,C
PHINMA-Araullo University,Main Campus,College of Management and Accountancy ,Bachelor of Science in Management Accounting,,CEI,C,E,I
PHINMA-Araullo University,Main Campus,College of Management and Accountancy ,Bachelor of Science in Accounting Information System,,CEI,C,E,I
PHINMA-Araullo University,Main Campus,College of Education and Liberal Arts ,Bachelor of Elementary Education,,SAE,S,A,E
PHINMA-Araullo University,Main Campus,College of Education and Liberal Arts ,Bachelor of Secondary Education,Science,SAE,S,A,E
PHINMA-Araullo University,Main Campus,College of Education and Liberal Arts ,Bachelor of Secondary Education,Mathematics,ICR,I,C,R
PHINMA-Araullo University,Main Campus,College of Education and Liberal Arts ,Bachelor of Secondary Education,Filipino,SAE,S,A,E
PHINMA-Araullo University,Main Campus,College of Education and Liberal Arts ,Bachelor of Secondary Education,English,ASE,A,S,E
PHINMA-Araullo University,Main Campus,College of Education and Liberal Arts ,Bachelor of Arts in Political Science,,ESA,E,S,A
PHINMA-Araullo University,Main Campus,College of Criminal Justice Education ,Bachelor of Science in Criminology,,RES,R,E,S
PHINMA-Araullo University,Main Campus,College of Engineering,Bachelor of Science in Civil Engineering,,RIC,R,I,C
PHINMA-Araullo University,Main Campus,College of Engineering,Bachelor of Science in Electrical Engineering,,RIC,R,I,C
PHINMA-Araullo University,Main Campus,College of Allied Health Sciences ,Bachelor of Science in Nursing,,SIA,S,I,A
PHINMA-Araullo University,Main Campus,College of Allied Health Sciences ,Bachelor of Science in Pharmacy,,IRE,I,R,E
PHINMA-Araullo University,Main Campus,College of Allied Health Sciences ,Bachelor of Science in Medical Laboratory Science,,SRE,S,R,E
PHINMA-Araullo University,Main Campus,College of Allied Health Sciences ,Bachelor of Science in Psychology,,SIA,S,I,A
PHINMA-Araullo University,South Campus,College of Management and Accountancy ,Bachelor of Science in Accountancy,,CEI,C,E,I
PHINMA-Araullo University,South Campus,College of Management and Accountancy ,Bachelor of Science in Hospitality Management,,ESR,E,S,R
PHINMA-Araullo University,South Campus,College of Management and Accountancy ,Bachelor of Science in Tourism Management,,ESR,E,S,R
PHINMA-Araullo University,South Campus,College of Management and Accountancy ,Bachelor of Science in Business Administration,Marketing Management,ESA,E,S,A
PHINMA-Araullo University,South Campus,College of Management and Accountancy ,Bachelor of Science in Business Administration,Banking & Microfinance,ECR,E,C,R
PHINMA-Araullo University,South Campus,College of Education and Liberal Arts ,Bachelor of Elementary Education,,SAE,S,A,E
PHINMA-Araullo University,South Campus,College of Education and Liberal Arts ,Bachelor of Secondary Education,Filipino,SAE,S,A,E
PHINMA-Araullo University,South Campus,College of Education and Liberal Arts ,Bachelor of Secondary Education,English,ASE,A,S,E
PHINMA-Araullo University,South Campus,College of Criminal Justice Education ,Bachelor of Science in Criminology,,RES,R,E,S
PHINMA-Araullo University,South Campus,College of Engineering,Bachelor of Science in Civil Engineering,,RIC,R,I,C
PHINMA-Araullo University,South Campus,College of Information Technology,Bachelor of Science in Information Technology,,ICR,I,C,R
PHINMA-Araullo University,South Campus,College of Allied Health Sciences ,Bachelor of Science in Nursing,,SIA,S,I,A
PHINMA-Araullo University,South Campus,College of Management and Accountancy ,Bachelor of Science in Accountancy,,CEI,C,E,I
PHINMA-Araullo University,South Campus,College of Management and Accountancy ,Bachelor of Science in Hospitality Management,,ESR,E,S,R
PHINMA-Araullo University,South Campus,College of Management and Accountancy ,Bachelor of Science in Tourism Management,,ESR,E,S,R
PHINMA-Araullo University,South Campus,College of Management and Accountancy ,Bachelor of Science in Business Administration,Marketing Management,ESA,E,S,A
PHINMA-Araullo University,South Campus,College of Management and Accountancy ,Bachelor of Science in Business Administration,Banking & Microfinance,ECR,E,C,R
PHINMA-Araullo University,South Campus,College of Management and Accountancy ,Bachelor of Science in Business Administration,Human Resource Management,SEC,S,E,C
PHINMA-Araullo University,South Campus,College of Management and Accountancy ,Bachelor of Science in Management Accounting,,CEI,C,E,I
PHINMA-Araullo University,South Campus,College of Education and Liberal Arts ,Bachelor in Early Childhood Education,,SAE,S,A,E
PHINMA-Araullo University,South Campus,College of Education and Liberal Arts ,Bachelor of Arts Major in Political Science,,ESA,E,S,A
PHINMA-Araullo University,South Campus,College of Education and Liberal Arts ,Bachelor of Arts Major in English Language,,ASE,A,S,E
PHINMA-Araullo University,South Campus,College of Criminal Justice Education ,Bachelor of Science in Criminology,,RES,R,E,S
Wesleyan University - Philippines,Cabanatuan,College of Arts and Sciences ,Bachelor of Arts in Communication,,ASE,A,S,E
Wesleyan University - Philippines,Cabanatuan,College of Arts and Sciences ,Bachelor of Arts in Political Science,,ESA,E,S,A
Wesleyan University - Philippines,Cabanatuan,College of Arts and Sciences ,Bachelor of Science in Psychology,,SIA,S,I,A
Wesleyan University - Philippines,Cabanatuan,College of Arts and Sciences ,Bachelor of Science in Social Work,,SRE,S,R,E
Wesleyan University - Philippines,Cabanatuan,College of Business and Accountancy ,Bachelor of Science in Accountancy,,CEI,C,E,I
Wesleyan University - Philippines,Cabanatuan,College of Business and Accountancy ,Bachelor of Science in Management Accounting,,CEI,C,E,I
Wesleyan University - Philippines,Cabanatuan,College of Business and Accountancy ,Bachelor of Science in Business Administration,Marketing Management,ESA,E,S,A
Wesleyan University - Philippines,Cabanatuan,College of Business and Accountancy ,,Financial Management,CEI,C,E,I
Wesleyan University - Philippines,Cabanatuan,College of Business and Accountancy ,Bachelor of Science in Real Estate Management,,ECS,E,C,S
Wesleyan University - Philippines,Cabanatuan,College of Business and Accountancy ,Bachelor of Science in Accounting Information Management,,CEI,C,E,I
Wesleyan University - Philippines,Cabanatuan,College of Criminal Justice Education ,Bachelor of Science in Criminology,,RES,R,E,S
Wesleyan University - Philippines,Cabanatuan,College of Education ,Bachelor of Elementary Education,,SAE,S,A,E
Wesleyan University - Philippines,Cabanatuan,College of Education ,Bachelor of Secondary Education,Science,SAE,S,A,E
Wesleyan University - Philippines,Cabanatuan,College of Education ,Bachelor of Secondary Education,Mathematics,ICR,I,C,R
Wesleyan University - Philippines,Cabanatuan,College of Education ,Bachelor of Secondary Education,Filipino,SAE,S,A,E
Wesleyan University - Philippines,Cabanatuan,College of Education ,Bachelor of Secondary Education,English,ASE,A,S,E
Wesleyan University - Philippines,Cabanatuan,College of Education ,Bachelor of Secondary Education,Social Studies,SAE,S,A,E
Wesleyan University - Philippines,Cabanatuan,College of Education ,Bachelor of Secondary Education,Values Education,SAE,S,A,E
Wesleyan University - Philippines,Cabanatuan,College of Education ,Bachelor of Early Childhood Education,,SAE,S,A,E
Wesleyan University - Philippines,Cabanatuan,College of Education ,Bachelor of Physical Education,,SAE,S,A,E
Wesleyan University - Philippines,Cabanatuan,College of Engineering and Computer Technology ,Bachelor of Science in Computer Engineering,,RIC,R,I,C
Wesleyan University - Philippines,Cabanatuan,College of Engineering and Computer Technology ,Bachelor of Science in Electronic Engineering,,SRE,S,R,E
Wesleyan University - Philippines,Cabanatuan,College of Engineering and Computer Technology ,Bachelor of Science in Information Technology,,ICR,I,C,R
Wesleyan University - Philippines,Cabanatuan,College of Hospitality and Tourism Management ,Bachelor of Science in Tourism Management,Travel Operations,ESR,E,S,R
Wesleyan University - Philippines,Cabanatuan,College of Hospitality and Tourism Management ,Bachelor of Science in Tourism Management,"Meetings, Incentives, Conference and Events (MICE) Management",ECS,E,C,S
Wesleyan University - Philippines,Cabanatuan,College of Hospitality and Tourism Management ,Bachelor of Science in Hospitality Management,Hotel and Restaurant Management,ESR,E,S,R
Wesleyan University - Philippines,Cabanatuan,College of Hospitality and Tourism Management ,Bachelor of Science in Hospitality Management,Culinary and Kitchen Operations,ESR,E,S,R
Wesleyan University - Philippines,Cabanatuan,College of Hospitality and Tourism Management ,Bachelor of Science in Hospitality Management,Cruise Line Operations,ESR,E,S,R
Wesleyan University - Philippines,Cabanatuan,College of Hospitality and Tourism Management ,Bachelor of Science in Nutrition and Dietetics,,SRE,S,R,E
Wesleyan University - Philippines,Cabanatuan,College of Nursing ,Bachelor of Science in Nursing,,SIA,S,I,A
Wesleyan University - Philippines,Cabanatuan,College of Allied Medical Sciences,Bachelor of Science in Medical Technology,,IRC,I,R,C
Wesleyan University - Philippines,Cabanatuan,College of Allied Medical Sciences,Bachelor of Science in Pharmacy,,IRE,I,R,E
Wesleyan University - Philippines,Cabanatuan,College of Allied Medical Sciences,Bachelor of Science in Physical Therapy,,SIR,S,I,R
Wesleyan University - Philippines,Cabanatuan,College of Allied Medical Sciences,Bachelor of Science in Radiologic Technology,,RIS,R,I,S
College for Research and Technology (CRT),Cabanatuan,College of Accounting Information Systems,BS in Information Technology (BSIT),,ICR,I,C,R
College for Research and Technology (CRT),Cabanatuan,College of Accounting Information Systems,BS in Accounting Information System (BSAIS),,CEI,C,E,I
College for Research and Technology (CRT),Cabanatuan,College of Hospitality & Tourism Management,BS in Hospitality Management (BSHM),,ESR,E,S,R
College for Research and Technology (CRT),Cabanatuan,College of Hospitality & Tourism Management,BS in Tourism Management (BSTM),,ESR,E,S,R
College for Research and Technology (CRT),Cabanatuan,College of Education,Bachelor in Technical Vocational Teacher Education (BTVTEd),,SAE,S,A,E
College of Immaculate Conception (CIC),Cabanatuan,College of Health & Sciences,Bachelor of Science in Nursing (BSN),,SIA,S,I,A
College of Immaculate Conception (CIC),Cabanatuan,College of Arts & Social Sciences,Bachelor of Arts in Communication,,ASE,A,S,E
College of Immaculate Conception (CIC),Cabanatuan,College of Arts & Social Sciences,Bachelor of Arts in Political Science,,ESA,E,S,A
College of Immaculate Conception (CIC),Cabanatuan,College of Arts & Social Sciences,Bachelor of Science in Social Work (BSSW),,SRE,S,R,E
College of Immaculate Conception (CIC),Cabanatuan,College of Education,Bachelor of Elementary Education (BEEd),,SAE,S,A,E
College of Immaculate Conception (CIC),Cabanatuan,College of Education,Bachelor of Secondary Education (BSEd),,SAE,S,A,E
College of Immaculate Conception (CIC),Cabanatuan,College of Business & Management,Bachelor of Science in Accountancy,,CEI,C,E,I
College of Immaculate Conception (CIC),Cabanatuan,College of Business & Management,Bachelor of Science in Management Accounting,,CEI,C,E,I
College of Immaculate Conception (CIC),Cabanatuan,College of Business & Management,Bachelor of Science in Business Administration,,ECR,E,C,R
College of Immaculate Conception (CIC),Cabanatuan,College of Technology & IT,Bachelor of Science in Information Technology (BSIT),,ICR,I,C,R
College of Immaculate Conception (CIC),Cabanatuan,College of Hospitality,Bachelor of Science in Hospitality Management (BSHM),,ESR,E,S,R
Our Lady of Fatima University,Cabanatuan,College of Arts and Sciences,Bachelor of Science in Psychology,,SIA,S,I,A
Our Lady of Fatima University,Cabanatuan,College of Business and Accountancy ,Bachelor of Science in Business Administration,Operations and Supply Chain Management,ECS,E,C,S
Our Lady of Fatima University,Cabanatuan,College of Business and Accountancy ,Bachelor of Science in Business Administration,Marketing Management,ESA,E,S,A
Our Lady of Fatima University,Cabanatuan,College of Business and Accountancy ,Bachelor of Science in Business Administration,Banking,ECR,E,C,R
Our Lady of Fatima University,Cabanatuan,College of Business and Accountancy ,Bachelor of Science in Accountancy,,CEI,C,E,I
Our Lady of Fatima University,Cabanatuan,College of Business and Accountancy ,Bachelor of Science in Accounting Information System,,CEI,C,E,I
Our Lady of Fatima University,Cabanatuan,College of Hospitality and Institutional Management’s,Bachelor of Science in International Hospitality Management,Restaurant and Fast-food Chain Operations,ESR,E,S,R
Our Lady of Fatima University,Cabanatuan,College of Hospitality and Institutional Management’s,Bachelor of Science in International Hospitality Management,Hotel Administration in Cruise Line Operations,ESR,E,S,R
Our Lady of Fatima University,Cabanatuan,College of Hospitality and Institutional Management’s,Bachelor of Science in International Hospitality Management,Culinary Arts,ESR,E,S,R
Our Lady of Fatima University,Cabanatuan,College of Hospitality and Institutional Management’s,Bachelor of Science in International Tourism Management,"Meetings, Incentives, Conventions and Exhibitions",ESR,E,S,R
Our Lady of Fatima University,Cabanatuan,College of Hospitality and Institutional Management’s,Bachelor of Science in International Tourism Management,Travel and Tours Operations,ESR,E,S,R
Our Lady of Fatima University,Cabanatuan,College of Criminal Justice,Bachelor of Science in Criminology,,RES,R,E,S
Our Lady of Fatima University,Cabanatuan,College of Medical Laboratory Science,Bachelor of Science in Medical Laboratory Science,,SRE,S,R,E
Our Lady of Fatima University,Cabanatuan,College of Pharmacy,Bachelor of Science in Pharmacy,,IRE,I,R,E
Our Lady of Fatima University,Cabanatuan,College of Nursing,Bachelor of Science in Nursing,,SIA,S,I,A
Central Luzon State University,Muñoz,College of Agriculture,Bachelor of Science in Agribusiness,,SRE,S,R,E
Central Luzon State University,Muñoz,College of Agriculture,Bachelor of Science in Agriculture,Animal Science,RIS,R,I,S
Central Luzon State University,Muñoz,College of Agriculture,Bachelor of Science in Agriculture,Crop Science,RIS,R,I,S
Central Luzon State University,Muñoz,College of Agriculture,Bachelor of Science in Agriculture,Crop Protection,RIS,R,I,S
Central Luzon State University,Muñoz,College of Arts and Social Sciences,Bachelor of Arts in Filipino,,ASE,A,S,E
Central Luzon State University,Muñoz,College of Arts and Social Sciences,Bachelor of Art in Literature,,SRE,S,R,E
Central Luzon State University,Muñoz,College of Arts and Social Sciences,Bachelor of Arts in Social Sciences,,ASE,A,S,E
Central Luzon State University,Muñoz,College of Arts and Social Sciences,Bachelor of Science in Development Communication,,ASE,A,S,E
Central Luzon State University,Muñoz,College of Arts and Social Sciences,Bachelor of Science in Psychology,,SIA,S,I,A
Central Luzon State University,Muñoz,College of Arts and Social Sciences,Bachelor of Arts in International Studies,,ASE,A,S,E
Central Luzon State University,Muñoz,College of Business and Accountancy,Bachelor of Science in Acoountancy,,SRE,S,R,E
Central Luzon State University,Muñoz,College of Business and Accountancy,Bachelor of Science in Business Administration,Business Economics,ECR,E,C,R
Central Luzon State University,Muñoz,College of Business and Accountancy,Bachelor of Science in Business Administration,Human Resource Management,SEC,S,E,C
Central Luzon State University,Muñoz,College of Business and Accountancy,Bachelor of Science in Business Administration,Marketing Management,ESA,E,S,A
Central Luzon State University,Muñoz,College of Business and Accountancy,Bachelor of Science in Entrepreneurship (BSEntrep),,ESR,E,S,R
Central Luzon State University,Muñoz,College of Business and Accountancy,Bachelor of Science in Management Accounting,,CEI,C,E,I
Central Luzon State University,Muñoz,College of Education,Bachelor of Culture and Arts Education,,SAE,S,A,E
Central Luzon State University,Muñoz,College of Education,Bachelor of Early Childhood Education,,SAE,S,A,E
Central Luzon State University,Muñoz,College of Education,Bachelor of Elementary Education,,SAE,S,A,E
Central Luzon State University,Muñoz,College of Education,Bachelor of Physical Education,,SAE,S,A,E
Central Luzon State University,Muñoz,College of Education,Bachelor of Secondary Education,English,ASE,A,S,E
Central Luzon State University,Muñoz,College of Education,Bachelor of Secondary Education,Filipino,SAE,S,A,E
Central Luzon State University,Muñoz,College of Education,Bachelor of Secondary Education,Mathematics,ICR,I,C,R
Central Luzon State University,Muñoz,College of Education,Bachelor of Secondary Education,Science and Technology,SAE,S,A,E
Central Luzon State University,Muñoz,College of Education,Bachelor of Secondary Education,Social Science,SAE,S,A,E
Central Luzon State University,Muñoz,College of Education,Bachelor of Secondary Education,Values Education,SAE,S,A,E
Central Luzon State University,Muñoz,College of Education,Bachelor of Technology and Livelihood Education,,SAE,S,A,E
Central Luzon State University,Muñoz,College of Engineering,Bachelor of Science in Agricultural and Biosystems Engineering,,SRE,S,R,E
Central Luzon State University,Muñoz,College of Engineering,Bachelor of Science in Civil Engineering,,RIC,R,I,C
Central Luzon State University,Muñoz,College of Engineering,Bachelor of Science in Information Technology,,ICR,I,C,R
Central Luzon State University,Muñoz,College of Fisheries,Bachelor of Science in Fisheries,,RIS,R,I,S
Central Luzon State University,Muñoz,College of Home Science and Industry,Bachelor of Science in Food Technology,,IRS,I,R,S
Central Luzon State University,Muñoz,College of Home Science and Industry,Bachelor of Science in Fashion and Textile Technology,,SRE,S,R,E
Central Luzon State University,Muñoz,College of Home Science and Industry,Bachelor of Science in Hospitality Management,,ESR,E,S,R
Central Luzon State University,Muñoz,College of Home Science and Industry,Bachelor of Science in Tourism Management,Travel and Tour Agencies,ESR,E,S,R
Central Luzon State University,Muñoz,College of Home Science and Industry,Bachelor of Science in Tourism Management,Food and Lodging,ESR,E,S,R
Central Luzon State University,Muñoz,College of Home Science and Industry,Bachelor of Science in Tourism Management,"Meetings, Incentives, Conferences, and Events (MICE) Management",ECS,E,C,S
Central Luzon State University,Muñoz,College of Science,Bachelor of Science in Biology,,IRC,I,R,C
Central Luzon State University,Muñoz,College of Science,Bachelor of Science in Chemistry,,IRC,I,R,C
Central Luzon State University,Muñoz,College of Science,Bachelor of Science in Environmental Science,Environmental Conservation and Management,ECS,E,C,S
Central Luzon State University,Muñoz,College of Science,Bachelor of Science in Environmental Science,Sustainable Agriculture,RIS,R,I,S
Central Luzon State University,Muñoz,College of Science,Bachelor of Science in Environmental Science,Environmental Biology,IRC,I,R,C
Central Luzon State University,Muñoz,College of Science,Bachelor of Science in Environmental Science,Environmental Chemistry,IRC,I,R,C
Central Luzon State University,Muñoz,College of Science,Bachelor of Science in Environmental Science,Environmental Engineering,IRC,I,R,C
Central Luzon State University,Muñoz,College of Science,Bachelor of Science in Mathematics,,ICR,I,C,R
Central Luzon State University,Muñoz,College of Science,Bachelor of Science in Meteorology,,SRE,S,R,E
Central Luzon State University,Muñoz,College of Science,Bachelor of Science in Statistics,,SRE,S,R,E
Central Luzon State University,Muñoz,College of Veterinary Science and Medicine,Doctoer of Veterinary Medicine,,SRE,S,R,E
Manuel V. Gallego Foundation Colleges,Cabanatuan,College of Nursing,Bachelor of Science in Nursing,,SIA,S,I,A
Manuel V. Gallego Foundation Colleges,Cabanatuan,College of Criminal Justice Education ,Bachelor of Science in Criminology,,RES,R,E,S
Manuel V. Gallego Foundation Colleges,Cabanatuan,College of Business and Accountancy,Bachelor of Science in Accountancy,,CEI,C,E,I
Manuel V. Gallego Foundation Colleges,Cabanatuan,College of Business and Accountancy,Bachelor of Science in Business Administration,Major in Financial Management,CEI,C,E,I
Manuel V. Gallego Foundation Colleges,Cabanatuan,College of Business and Accountancy,Bachelor of Science in Business Administration,Major in Marketing Management,ESA,E,S,A
Manuel V. Gallego Foundation Colleges,Cabanatuan,College of Information and Communication Technology,Bachelor of Science in Computer Science,,ICR,I,C,R
Manuel V. Gallego Foundation Colleges,Cabanatuan,College of Education,Bachelor of Elementary Education,,SAE,S,A,E
Manuel V. Gallego Foundation Colleges,Cabanatuan,College of Education,Bachelor of Secondary Education,English,ASE,A,S,E
Manuel V. Gallego Foundation Colleges,Cabanatuan,College of Education,Bachelor of Secondary Education,Filipino,SAE,S,A,E
Manuel V. Gallego Foundation Colleges,Cabanatuan,College of Education,Bachelor of Secondary Education,Computer Technology,SAE,S,A,E
Good Samaritan Colleges,Cabanatuan,College of Education,Bachelor of Elementary Education,,SAE,S,A,E
Good Samaritan Colleges,Cabanatuan,College of Education,Bachelor in Secondary Education,English,ASE,A,S,E
Good Samaritan Colleges,Cabanatuan,College of Education,Bachelor in Secondary Education,Social Studies,SAE,S,A,E
Good Samaritan Colleges,Cabanatuan,College of Nursing and Allied Health Professions,Bachelor of Science in Nursing,,SIA,S,I,A
Good Samaritan Colleges,Cabanatuan,College of Nursing and Allied Health Professions,Bachelor of Science in Medical Laboratory,,SRE,S,R,E
Good Samaritan Colleges,Cabanatuan,College of Nursing and Allied Health Professions,Bachelor of Science in Respiratory Therapy,,SRE,S,R,E
Good Samaritan Colleges,Cabanatuan,College of Nursing and Allied Health Professions,Bachelor of Science in Radiologic Technology,,RIS,R,I,S
Good Samaritan Colleges,Cabanatuan,College of Nursing and Allied Health Professions,Bachelor of Science in Midwifery,,SRC,S,R,C
Dr. Gloria D. Lacson Foundation Colleges,Cabanatuan,College of Accountancy,Bachelor of Science in Accountancy,,CEI,C,E,I
Dr. Gloria D. Lacson Foundation Colleges,Cabanatuan,College of Accountancy,Bachelor of Science in Accounting Technology,,CEI,C,E,I
Dr. Gloria D. Lacson Foundation Colleges,Cabanatuan,College of Allied Medical Services,Bachelor of Science in Midwifery,,SRC,S,R,C
Dr. Gloria D. Lacson Foundation Colleges,Cabanatuan,College of Allied Medical Services,Bachelor of Science in Radiologic Technology,,RIS,R,I,S
Dr. Gloria D. Lacson Foundation Colleges,Cabanatuan,College of Education,Bachelor of Science in Secondary Education,English,ASE,A,S,E
Dr. Gloria D. Lacson Foundation Colleges,Cabanatuan,College of Education,Bachelor of Science in Elementary Education,Mathematics,ICR,I,C,R
Dr. Gloria D. Lacson Foundation Colleges,Cabanatuan,College of Hospitality Management and Tourism Management,Bachelor of Science in Hospitality Management,,ESR,E,S,R
Dr. Gloria D. Lacson Foundation Colleges,Cabanatuan,College of Hospitality Management and Tourism Management,Bachelor of Science in Tourism Management,,ESR,E,S,R
Dr. Gloria D. Lacson Foundation Colleges,Cabanatuan,College of Hospitality Management and Tourism Management,Bachelor of Science in Information Technology,,ICR,I,C,R
Dr. Gloria D. Lacson Foundation Colleges,Cabanatuan,College of Hospitality Management and Tourism Management,Bachelor of Science in Criminal Justice Education,,SAE,S,A,E
General De Jesus Colleges,San Isidro,College of Accountancy and Accounting Technology,Bachelor of Science in Accountancy,,CEI,C,E,I
General De Jesus Colleges,San Isidro,College of Accountancy and Accounting Technology,Bachelor of Science in Accounting Technology,,CEI,C,E,I
General De Jesus Colleges,San Isidro,College of Business Administration,Bachelor of Science in Business Administration,,ECR,E,C,R
General De Jesus Colleges,San Isidro,College of Information and Communication Technology,Bachelor of Science in Information Technology,,ICR,I,C,R
General De Jesus Colleges,San Isidro,College of Education,Bachelor in Elementary Education,,SAE,S,A,E
General De Jesus Colleges,San Isidro,College of Education,Bachelor of Secondary Education,English,ASE,A,S,E
General De Jesus Colleges,San Isidro,College of Education,Bachelor of Secondary Education,Filipino,SAE,S,A,E
General De Jesus Colleges,San Isidro,College of Education,Bachelor of Secondary Education,Social Studies,SAE,S,A,E
General De Jesus Colleges,San Isidro,College of Education,Bachelor of Secondary Education,Mathematics,ICR,I,C,R
General De Jesus Colleges,San Isidro,College of Hotel and Restaurant Management,Bachelor of Science in Hotel and Restaurant Management,,ESR,E,S,R
Divina Pastora College,Gapan,College of Education,Bachelor of Elementary Education,,SAE,S,A,E
Divina Pastora College,Gapan,College of Education,Bachelor of Secondary Education,FIlipino,SAE,S,A,E
Divina Pastora College,Gapan,College of Education,Bachelor of Secondary Education,English,ASE,A,S,E
Divina Pastora College,Gapan,College of Education,Bachelor of Secondary Education,Mathematics,ICR,I,C,R
Divina Pastora College,Gapan,College of Education,Bachelor of Secondary Education,Social Studies,SAE,S,A,E
Divina Pastora College,Gapan,College of Education,Bachelor of Secondary Education,General Science,SAE,S,A,E
Divina Pastora College,Gapan,College of Business and Accountancy ,Bachelor of Science in Business Administration,Marketing Management,ESA,E,S,A
Divina Pastora College,Gapan,College of Business and Accountancy ,Bachelor of Science in Business Administration,Financial Management,CEI,C,E,I
Divina Pastora College,Gapan,College of Business and Accountancy ,Bachelor of Science in Business Administration,Operations Management,ECS,E,C,S
Divina Pastora College,Gapan,College of Business and Accountancy ,Bachelor of Science in Business Administration,Human Resource Management,SEC,S,E,C
"Core Gateway College, Inc. ",San Jose,College of Education,Bachelor in Secondary Education Department,Mathematics,ICR,I,C,R
"Core Gateway College, Inc. ",San Jose,College of Education,Bachelor in Secondary Education Department,FIlipino,SAE,S,A,E
"Core Gateway College, Inc. ",San Jose,College of Education,Bachelor in Secondary Education Department,Social Science,SAE,S,A,E
"Core Gateway College, Inc. ",San Jose,College of Education,Bachelor in Secondary Education Department,Values Education,SAE,S,A,E
"Core Gateway College, Inc. ",San Jose,College of Education,Bachelor in Secondary Education Department,English,ASE,A,S,E
"Core Gateway College, Inc. ",San Jose,College of Education,Bachelor in  Elementary Education,,SAE,S,A,E
"Core Gateway College, Inc. ",San Jose,College of Social Science and Technology,Bachelor of Arts in Political Science,,ESA,E,S,A
"Core Gateway College, Inc. ",San Jose,College of Social Science and Technology,Bachelor of Science in Computer Science,,ICR,I,C,R
"Core Gateway College, Inc. ",San Jose,College of Social Science and Technology,Bachelor of Science in Business Administration, Financial Management,CEI,C,E,I
"Core Gateway College, Inc. ",San Jose,College of Social Science and Technology,Bachelor of Science in Business Administration,"Human Resource Management,",SEC,S,E,C
"Core Gateway College, Inc. ",San Jose,College of Social Science and Technology,Bachelor of Science in Business Administration,Human Resource Management,SEC,S,E,C
Polytechnic University of the Philippines,Cabiao, College of Education,Bachelor in Elementary Education,,SAE,S,A,E
Polytechnic University of the Philippines,Cabiao,College of Business and Accountancy ,Bachelor of Science in Business Administration,Marketing Management ,ESA,E,S,A
Our Lady of the Sacred Heart College of Guimba,Guimba,College of Criminal Justice Education ,Bachelor of Science in Criminology,,RES,R,E,S
Our Lady of the Sacred Heart College of Guimba,Guimba,College of  Hospitality Management and Tourism Management,Bachelor of Science in Hospitality Management ,,ESR,E,S,R
Our Lady of the Sacred Heart College of Guimba,Guimba,College of Information and Communication Technology ,Bachelor of Science in Information Technology,,ICR,I,C,R
Our Lady of the Sacred Heart College of Guimba,Guimba,College of Business and Accountancy ,Bachelor of Science in Office Administration,,SRE,S,R,E
Our Lady of the Sacred Heart College of Guimba,Guimba,College of Education,Bachelor of Early Education ,,SAE,S,A,E
Our Lady of the Sacred Heart College of Guimba,Guimba,College of Education,Bachelor of Elementary Education,,SAE,S,A,E
Our Lady of the Sacred Heart College of Guimba,Guimba,College of Education,Bachelor of Secondary Education,Filipino,SAE,S,A,E
Our Lady of the Sacred Heart College of Guimba,Guimba,College of Education,Bachelor of Secondary Education,Mathematics,ICR,I,C,R
Our Lady of the Sacred Heart College of Guimba,Guimba,College of Education,Bachelor of Secondary Education,Science,SAE,S,A,E
Our Lady of the Sacred Heart College of Guimba,Guimba,College of Education,Bachelor of Secondary Education,English,ASE,A,S,E
Our Lady of the Sacred Heart College of Guimba,Guimba,College of Education,Bachelor of Secondary Education,Social Science,SAE,S,A,E
Our Lady of the Sacred Heart College of Guimba,Guimba,College of Education,Bachelor of Secondary Education,Values Education with Christian Education,SAE,S,A,E
Our Lady of the Sacred Heart College of Guimba,Guimba,College of Education,Bachelor of Technology and Livelihood Education ,,SAE,S,A,E
Our Lady of the Sacred Heart College of Guimba,Guimba,College of Education,Bachelor of Technical and Vocational Teacher Education ,,SAE,S,A,E
World City Colleges Guimba Campus,Guimba,College of Criminal Justice Education ,Bachelor of Science in Criminology,,RES,R,E,S
World City Colleges Guimba Campus,Guimba,College of Business and Accountancy ,Bachelor of Science in Business Administration,Marketing Management,ESA,E,S,A
World City Colleges Guimba Campus,Guimba,College of Education ,Bachelor of Elementary Education,,SAE,S,A,E
World City Colleges Guimba Campus,Guimba,College of Education ,Bachelor of Secondary Education,English,ASE,A,S,E
World City Colleges Guimba Campus,Guimba,College of Education ,Bachelor of Secondary Education,Mathematics ,ICR,I,C,R
Holy Rosary Colleges Foundation,Guimba ,College of Education,Bachelor of Elementary Education ,General Education ,SAE,S,A,E
Living Water Essential College Inc.,Bongabon ,College of Education,Bachelor of Early Childhood Education ,,SAE,S,A,E
Living Water Essential College Inc.,Bongabon ,College of Business and Accountancy ,Bachelor of Science in Entreprenurship ,,SRE,S,R,E
Systems Technology Institute (STI),San Jose ,College of Computing,Bachelor of Science in Computer Science,,ICR,I,C,R
Systems Technology Institute (STI),San Jose ,College of Computing,Bachelor of Science in Information Systems,,SRE,S,R,E
Systems Technology Institute (STI),San Jose ,College of Computing,Bachelor of Science in Accounting Information System,,CEI,C,E,I
Systems Technology Institute (STI),San Jose ,College of Hospitality,Bachelor of Science in Tourism Management,,ESR,E,S,R
Systems Technology Institute (STI),San Jose ,College of Education,Bachelor of Early Childhood Education,,SAE,S,A,E
Systems Technology Institute (STI),San Jose ,College of Education,Bachelor of Special Needs Education,,SAE,S,A,E
Systems Technology Institute (STI),San Jose ,College of Education,Bachelor of Technical-Vocational Teacher Education,,SAE,S,A,E
Gapan City College,Gapan ,College of Business,Bachelor of Science in Entrepreneurship,,ESR,E,S,R
Gapan City College,Gapan ,College of Criminal Justice Education,Bachelor of Science in Criminology,,RES,R,E,S
Gapan City College,Gapan ,College of Arts and Social Sciences,Bachelor of Arts in Political Science,,ESA,E,S,A
Gapan City College,Gapan ,College of Arts and Social Sciences,Bachelor of Arts in English Language Studies,,ASE,A,S,E
AMA Computer College,Cabanatuan ,College of Computing,Bachelor of Science in Computer Science,,ICR,I,C,R
AMA Computer College,Cabanatuan ,College of Computing,Bachelor of Science in Cybersecurity,,SRE,S,R,E
AMA Computer College,Cabanatuan ,College of Computing,Bachelor of Science in Artificial Intelligence,,SRE,S,R,E
AMA Computer College,Cabanatuan ,College of Computing,Bachelor of Science in Information Systems,,SRE,S,R,E
AMA Computer College,Cabanatuan ,College of Computing,Bachelor of Science in Blockchain Technology,,SRE,S,R,E
AMA Computer College,Cabanatuan ,College of Computing,Bachelor of Science in Data Science,,SRE,S,R,E
AMA Computer College,Cabanatuan ,College of Computing,Bachelor of Science in Entertainment & Multimedia Computing,,SRE,S,R,E
AMA Computer College,Cabanatuan ,College of Computing,Bachelor of Science in Electronics and Communications Engineering,,RIC,R,I,C
AMA Computer College,Cabanatuan ,College of Engineering,Bachelor of Science in Computer Engineering,,RIC,R,I,C
AMA Computer College,Cabanatuan ,College of Engineering,Bachelor of Science in Electronics Engineering,,RIC,R,I,C
AMA Computer College,Cabanatuan ,College of Engineering,Bachelor of Science in Electrical Engineering,,RIC,R,I,C
AMA Computer College,Cabanatuan ,College of Engineering,Bachelor of Science in Industrial Engineering,,SRE,S,R,E
AMA Computer College,Cabanatuan ,College of Business,Bachelor of Science in Business Administration,Marketing Management,ESA,E,S,A
AMA Computer College,Cabanatuan ,College of Business,Bachelor of Science in Business Administration,Human Resources Management,SEC,S,E,C
AMA Computer College,Cabanatuan ,College of Business,Bachelor of Science in Business Administration,Management Information System,ECS,E,C,S
AMA Computer College,Cabanatuan ,College of Business,Bachelor of Science in Business Administration,Financial Management,CEI,C,E,I
AMA Computer College,Cabanatuan ,College of Business,Bachelor of Science in Real Estate Management,,ECS,E,C,S
AMA Computer College,Cabanatuan ,College of Business,Bachelor of Science in Office Administration,,SRE,S,R,E
AMA Computer College,Cabanatuan ,College of Business,Bachelor of Science in Entrepreneurship,,ESR,E,S,R
AMA Computer College,Cabanatuan ,College of Accountancy,Bachelor of Science in Accountancy,,CEI,C,E,I
AMA Computer College,Cabanatuan ,College of Accountancy,Bachelor of Science in Accounting Information System,,CEI,C,E,I
AMA Computer College,Cabanatuan ,College of Accountancy,Bachelor of Science in Internal Auditing,,SRE,S,R,E
AMA Computer College,Cabanatuan ,College of Hospitality,Bachelor of Science in Hospitality Management,,ESR,E,S,R
AMA Computer College,Cabanatuan ,College of Hospitality,Bachelor of Science in Tourism Management,,ESR,E,S,R
AMA Computer College,Cabanatuan ,College of Education,Bachelor in Elementary Education,,SAE,S,A,E
AMA Computer College,Cabanatuan ,College of Education,Bachelor of Secondary Education,Computer Education,SAE,S,A,E
AMA Computer College,Cabanatuan ,College of Education,Bachelor of Secondary Education,English,ASE,A,S,E
AMA Computer College,Cabanatuan ,College of Education,Bachelor of Secondary Education,Mathematics,ICR,I,C,R
AMA Computer College,Cabanatuan ,College of Education,Bachelor of Science in Virtual Education,,SAE,S,A,E
AMA Computer College,Cabanatuan ,College of Nursing,Bachelor of Science in Nursing,,SIA,S,I,A
AMA Computer College,Cabanatuan ,College of Arts and Social Sciences,Bachelor of Science in Psychology,,SIA,S,I,A
AMA Computer College,Cabanatuan ,College of Arts and Social Sciences,Bachelor of Science in Social Work,,SRE,S,R,E
AMA Computer College,Cabanatuan ,College of Arts and Social Sciences,Bachelor of Arts in Political Science,,ESA,E,S,A
AMA Computer College,Cabanatuan ,College of Arts and Social Sciences,Bachelor of Arts in English,,ASE,A,S,E
AMA Computer College,Cabanatuan ,College of Arts and Social Sciences,Bachelor of Arts in Communication,,ASE,A,S,E
AMA Computer College,Cabanatuan ,College of Arts and Social Sciences,Bachelor of Arts in Economics,,ASE,A,S,E
AMA Computer College,Cabanatuan ,College of Arts and Social Sciences,Bachelor of Arts in Psychology,,SIA,S,I,A
AMA Computer College,Cabanatuan ,College of Criminology,Bachelor of Science in Criminology,,RES,R,E,S
AMA Computer College,Cabanatuan ,College of Maritime,Bachelor of Science in Marine Transportation,,SRE,S,R,E
AMA Computer College,Cabanatuan ,College of Aviation,Private Pilot License Course,,SRE,S,R,E
AMA Computer College,Cabanatuan ,College of Aviation,Flight Instructor Course,,SRE,S,R,E
AMA Computer College,Cabanatuan ,College of Aviation,2-Year Aircraft Maintenance Tech,,SRE,S,R,E
AMA Computer College,Cabanatuan ,College of Aviation,2-Year Aviation Electronics Tech,,RIC,R,I,C
ABE International Business College,Cabanatuan,College of Computing,Bachelor of Science in Computer Science,,ICR,I,C,R
ABE International Business College,Cabanatuan,College of Computing,Bachelor of Science in Cybersecurity,,SRE,S,R,E
ABE International Business College,Cabanatuan,College of Computing,Bachelor of Science in Artificial Intelligence,,SRE,S,R,E
ABE International Business College,Cabanatuan,College of Computing,Bachelor of Science in Information Systems,,SRE,S,R,E
ABE International Business College,Cabanatuan,College of Computing,Bachelor of Science in Blockchain Technology,,SRE,S,R,E
ABE International Business College,Cabanatuan,College of Computing,Bachelor of Science in Data Science,,SRE,S,R,E
ABE International Business College,Cabanatuan,College of Computing,Bachelor of Science in Entertainment & Multimedia Computing,,SRE,S,R,E
ABE International Business College,Cabanatuan,College of Computing,Bachelor of Science in Electronics and Communications Engineering,,RIC,R,I,C
ABE International Business College,Cabanatuan,College of Engineering,Bachelor of Science in Computer Engineering,,RIC,R,I,C
ABE International Business College,Cabanatuan,College of Engineering,Bachelor of Science in Electronics Engineering,,RIC,R,I,C
ABE International Business College,Cabanatuan,College of Engineering,Bachelor of Science in Electrical Engineering,,RIC,R,I,C
ABE International Business College,Cabanatuan,College of Engineering,Bachelor of Science in Industrial Engineering,,SRE,S,R,E
ABE International Business College,Cabanatuan,College of Business,Bachelor of Science in Business Administration,Marketing Management,ESA,E,S,A
ABE International Business College,Cabanatuan,College of Business,Bachelor of Science in Business Administration,Human Resources Management,SEC,S,E,C
ABE International Business College,Cabanatuan,College of Business,Bachelor of Science in Business Administration,Management Information System,ECS,E,C,S
ABE International Business College,Cabanatuan,College of Business,Bachelor of Science in Business Administration,Financial Management,CEI,C,E,I
ABE International Business College,Cabanatuan,College of Business,Bachelor of Science in Real Estate Management,,ECS,E,C,S
ABE International Business College,Cabanatuan,College of Business,Bachelor of Science in Office Administration,,SRE,S,R,E
ABE International Business College,Cabanatuan,College of Business,Bachelor of Science in Entrepreneurship,,ESR,E,S,R
ABE International Business College,Cabanatuan,College of Accountancy,Bachelor of Science in Accountancy,,CEI,C,E,I
ABE International Business College,Cabanatuan,College of Accountancy,Bachelor of Science in Accounting Information System,,CEI,C,E,I
ABE International Business College,Cabanatuan,College of Accountancy,Bachelor of Science in Internal Auditing,,SRE,S,R,E
ABE International Business College,Cabanatuan,College of Hospitality,Bachelor of Science in Hospitality Management,,ESR,E,S,R
ABE International Business College,Cabanatuan,College of Hospitality,Bachelor of Science in Tourism Management,,ESR,E,S,R
ABE International Business College,Cabanatuan,College of Education,Bachelor in Elementary Education,,SAE,S,A,E
ABE International Business College,Cabanatuan,College of Education,Bachelor of Secondary Education,Computer Education,SAE,S,A,E
ABE International Business College,Cabanatuan,College of Education,Bachelor of Secondary Education,English,ASE,A,S,E
ABE International Business College,Cabanatuan,College of Education,Bachelor of Secondary Education,Mathematics,ICR,I,C,R
ABE International Business College,Cabanatuan,College of Education,Bachelor of Science in Virtual Education,,SAE,S,A,E
ABE International Business College,Cabanatuan,College of Nursing,Bachelor of Science in Nursing,,SIA,S,I,A
ABE International Business College,Cabanatuan,College of Arts and Social Sciences,Bachelor of Science in Psychology,,SIA,S,I,A
ABE International Business College,Cabanatuan,College of Arts and Social Sciences,Bachelor of Science in Social Work,,SRE,S,R,E
ABE International Business College,Cabanatuan,College of Arts and Social Sciences,Bachelor of Arts in Political Science,,ESA,E,S,A
ABE International Business College,Cabanatuan,College of Arts and Social Sciences,Bachelor of Arts in English,,ASE,A,S,E
ABE International Business College,Cabanatuan,College of Arts and Social Sciences,Bachelor of Arts in Communication,,ASE,A,S,E
ABE International Business College,Cabanatuan,College of Arts and Social Sciences,Bachelor of Arts in Economics,,ASE,A,S,E
ABE International Business College,Cabanatuan,College of Arts and Social Sciences,Bachelor of Arts in Psychology,,SIA,S,I,A
ABE International Business College,Cabanatuan,College of Criminology,Bachelor of Science in Criminology,,RES,R,E,S
ABE International Business College,Cabanatuan,College of Maritime,Bachelor of Science in Marine Transportation,,SRE,S,R,E
ABE International Business College,Cabanatuan,College of Aviation,Private Pilot License Course,,SRE,S,R,E
ABE International Business College,Cabanatuan,College of Aviation,Flight Instructor Course,,SRE,S,R,E
ABE International Business College,Cabanatuan,College of Aviation,2-Year Aircraft Maintenance Tech,,SRE,S,R,E
ABE International Business College,Cabanatuan,College of Aviation,2-Year Aviation Electronics Tech,,RIC,R,I,C
Midway College,Cabanatuan,College of Maritime Education,Bachelor of Science in Marine Transportation,,SRE,S,R,E
Midway College,Cabanatuan,College of Maritime Education,Bachelor of Science in Marine Engineering,,SRE,S,R,E
Midway College,Cabanatuan,College of Business,Bachelor of Science in Customs Administration,,SRE,S,R,E
Midway College,Cabanatuan,College of Business,Bachelor of Science in Entrepreneurship,,ESR,E,S,R
Midway College,Cabanatuan,Teacher Education,Bachelor of Technical-Vocational Teacher Education,Food and Service Management,ECS,E,C,S
Midway College,Cabanatuan,Information Systems,Bachelor of Science in Information Systems,,SRE,S,R,E
East Systems College of Rizal,Rizal,College of Information Technology,Bachelor of Science in Information Technology,,ICR,I,C,R
East Systems College of Rizal,Rizal,College of Information Technology,Bachelor of Science in Computer Science,,ICR,I,C,R
East Systems College of Rizal,Rizal,College of Business,Bachelor of Science in Business Administration,,ECR,E,C,R
East Systems College of Rizal,Rizal,College of Business,Bachelor of Science in Accounting Information System,,CEI,C,E,I
East Systems College of Rizal,Rizal,College of Business,Bachelor of Science in Office Administration,,SRE,S,R,E
East Systems College of Rizal,Rizal,Teacher Education,Bachelor in Technical-Vocational Teacher Education,Food and Service Management,ECS,E,C,S
East Systems College of Rizal,Rizal,Teacher Education,Bachelor in Technical-Vocational Teacher Education,Electrical Technology,RIC,R,I,C
Holly Cross College ,Santa Rosa,College of Education ,Bachelor of Elementary Education (BEED),,SAE,S,A,E
Holly Cross College ,Santa Rosa,College of Education ,Bachelor of Secondary Education (BSED),English ,ASE,A,S,E
Holly Cross College ,Santa Rosa,College of Education ,Bachelor of Secondary Education (BSED),Mathematics ,ICR,I,C,R
Holly Cross College ,Santa Rosa,College of Business ,Bachelor of Science in Business Administration (BSBA),Banking & Finance,ECR,E,C,R
Holly Cross College ,Santa Rosa,College of Business ,Bachelor of Science in Business Administration (BSBA),Marketing Management ,ESA,E,S,A
Holly Cross College ,Santa Rosa,College of Business ,Bachelor of Science in Accountancy (BSA),,CEI,C,E,I
Holly Cross College ,Santa Rosa,College of Business ,Bachelor of Science in Accounting Information System (BSAIS),,CEI,C,E,I
Holly Cross College ,Santa Rosa,College of Information Technology ,Bachelor of Science in Computer Science (BSCS),,ICR,I,C,R
Holly Cross College ,Santa Rosa,College of Tourism & Hospitality ,Bachelor of Science in Hotel and Restaurant Management (BSHRM),,ESR,E,S,R
Holly Cross College ,Santa Rosa,College of Tourism & Hospitality ,Bachelor of Science in Tourism Management (BSTM),,ESR,E,S,R
Holly Cross College ,Santa Rosa,College of Criminology ,Bachelor of Science in Criminology (BS Criminology),,RES,R,E,S
Tomas Claudio Colleges,Rizal,College of Arts and Sciences,Bachelor of Science in Public Administration (BSPAd),,ECS,E,C,S
Tomas Claudio Colleges,Rizal,College of Arts and Sciences,Bachelor of Science in Nursing (BSN),,SIA,S,I,A
Tomas Claudio Colleges,Rizal,College of Arts and Sciences,Bachelor of Science in Physical Therapy (BSPT),,SIR,S,I,R
Tomas Claudio Colleges,Rizal,College of Arts and Sciences,Bachelor of Arts (AB),,ASE,A,S,E
Tomas Claudio Colleges,Rizal,College of Arts and Sciences,Bachelor of Science in Criminology (BS Criminology) ,,RES,R,E,S
Tomas Claudio Colleges,Rizal,College of Computer Studies,Bachelor of Science in Computer Science (BSCS),,ICR,I,C,R
Tomas Claudio Colleges,Rizal,College of Business Administration ,Bachelor of Science in Accountancy (BSA),,CEI,C,E,I
Tomas Claudio Colleges,Rizal,College of Business Administration ,Bachelor of Science in Business Administration (BSBA),Financial Management & Accounting,CEI,C,E,I
Tomas Claudio Colleges,Rizal,College of Business Administration ,Bachelor of Science in Business Administration (BSBA),Marketing Management,ESA,E,S,A
Tomas Claudio Colleges,Rizal,College of Business Administration ,Bachelor of Science in Business Administration (BSBA),Financial Management,CEI,C,E,I
Tomas Claudio Colleges,Rizal,College of Business Administration ,Bachelor of Science in Business Administration (BSBA),Operations Management,ECS,E,C,S
Tomas Claudio Colleges,Rizal,College of Business Administration ,Bachelor of Science in Business Administration (BSBA),Human Resource Development Management (HRDM),SEC,S,E,C
San Jose Christian College ,San Jose City,College of Education ,Bachelor of Elementary Education (BEEd),,SAE,S,A,E
San Jose Christian College ,San Jose City,College of Education ,Bachelor of Secondary Education (BSEd),English ,ASE,A,S,E
San Jose Christian College ,San Jose City,College of Education ,Bachelor of Secondary Education (BSEd),Mathematics ,ICR,I,C,R
San Jose Christian College ,San Jose City,College of Business ,Bachelor of Science in Business Administration (BSBA),Marketing Management ,ESA,E,S,A
San Jose Christian College ,San Jose City,College of Business ,Bachelor of Science in Business Administration (BSBA),Financial Management ,CEI,C,E,I
"Mater Redemptoris College of San Jose City, Inc.",San Jose City,College of Education ,Bachelor of Elementary Education (BEEd) ,,SAE,S,A,E
"Mater Redemptoris College of San Jose City, Inc.",San Jose City,College of Education ,Bachelor of Secondary Education (BSEd),English ,ASE,A,S,E
"Mater Redemptoris College of San Jose City, Inc.",San Jose City,College of Arts,Bachelor of Arts in Religious Education (AB Religious Education),,SAE,S,A,E
"Mater Redemptoris College of San Jose City, Inc.",San Jose City,College of Arts,Bachelor of Arts in Theology (AB Theology),,SAI,S,A,I
"Mater Redemptoris College of San Jose City, Inc.",San Jose City,College of Arts,Bachelor of Arts in Philosophy (AB Philosophy) ,,SAI,S,A,I
"Mater Redemptoris College of San Jose City, Inc.",San Jose City,College of Arts,Bachelor of Arts in Communication (AB Communication) ,,ASE,A,S,E
"Santiago""Santy"" R. Austria College",Jaen,College of Business ,Bachelor of Science in Entrepreneurship (B.S. Entrepreneurship),,ESR,E,S,R
"Santiago""Santy"" R. Austria College",Jaen,College of Education ,Bachelor of Early Childhood Education (B.E.Ced),,SAE,S,A,E